"","Lineage_Name","site","n_sites","n_bird_individuals","n_status","riqueza","n_biomas","n_regioes"
"1","TARUF02","CLBI-Parnamirim/RN",1,79,3,29,1,1
"2","SocH3","ESEC-Serra_Negra_do_Norte/RN",1,69,2,3,1,1
"3","TROAED20","Podocarpus_NP",1,36,1,36,1,1
"4","NEOFAS03","Bra1",1,25,2,5,1,1
"5","NEOFAS01","Gra1",1,23,1,4,1,1
"6","BAFLA03","Mata_Seca",1,21,2,8,1,1
"7","EMPALN02","Esp1",1,19,3,10,1,1
"8","PADOM09","Bra1",1,17,2,6,1,1
"9","COPIC01","ESEC-Serra_Negra_do_Norte/RN",1,16,1,2,1,1
"10","PADOM11","ESEC-Serra_Negra_do_Norte/RN",1,16,2,6,1,1
"11","THAMB02","Salto_da_Divisa",1,16,1,1,1,1
"12","PHPAT01","ESEC-Serra_Negra_do_Norte/RN",1,14,3,9,1,1
"13","BAFLA04","CLBI-Parnamirim/RN",1,11,1,7,1,1
"14","GLYSPI06","Rond5",1,11,2,5,1,1
"15","PADOM09","ESEC-Serra_Negra_do_Norte/RN",1,11,2,8,1,1
"16","CYPHIR03","Bra1",1,10,1,1,1,1
"17","GEOTRI02","Hual4",1,10,1,7,1,1
"18","THAMAE01","Rond1",1,10,1,7,1,1
"19","CORPIL01","Ser1",1,9,1,2,1,1
"20","ELALB01","Salto_da_Divisa",1,9,2,5,1,1
"21","MYISWA01","Bra1",1,9,2,5,1,1
"22","NYSCHA01","Bra1",1,9,1,1,1,1
"23","PYLEU01","Caratinga",1,9,1,2,1,1
"24","UN203","CLBI-Parnamirim/RN",1,9,2,5,1,1
"25","COLPAS03","Gui2",1,8,1,1,1,1
"26","CYCYA01","Gui2",1,8,1,3,1,1
"27","DENPET03","Bra1",1,8,1,3,1,1
"28","MOLBAD01","Esp1",1,8,2,4,1,1
"29","PAPOL03","ESEC-Serra_Negra_do_Norte/RN",1,8,3,4,1,1
"30","TROAED15","Sural",1,8,1,1,1,1
"31","COLIN05","Nova_Lima",1,7,1,3,1,1
"32","DENPET03","Felixlandia",1,7,2,3,1,1
"33","PADOM09","Felixlandia",1,7,2,3,1,1
"34","SUISUI01","Bra1",1,7,2,2,1,1
"35","TACRUB01","Rond4",1,7,1,1,1,1
"36","TROAED15","Bellavista",1,7,1,3,1,1
"37","TROAED15","Mindo",1,7,1,3,1,1
"38","ANIFLA01","Hual4",1,6,1,2,1,1
"39","BAFLA03","Caratinga",1,6,1,4,1,1
"40","BAFLA04","Mata_Seca",1,6,1,3,1,1
"41","COLIN05","Caratinga",1,6,1,2,1,1
"42","COLPAS04","Gui2",1,6,1,4,1,1
"43","COLPLU01","Hual5",1,6,2,6,1,1
"44","DENPET03","CLBI-Parnamirim/RN",1,6,2,4,1,1
"45","DENPET03","Gra1",1,6,1,4,1,1
"46","LEAMA01","Caratinga",1,6,1,1,1,1
"47","LECOR04","ESEC-Serra_Negra_do_Norte/RN",1,6,1,2,1,1
"48","MYRMAX01","Ina1",1,6,1,6,1,1
"49","MYSWA01","Salto_da_Divisa",1,6,1,2,1,1
"50","PACPEC02","Felixlandia",1,6,1,2,1,1
"51","PADOM09","Mil1",1,6,3,6,1,1
"52","PADOM11","Mata_Seca",1,6,1,4,1,1
"53","Plasmodiumjuxtanucleare","Chapada_dos_Guimaraes",1,6,2,5,1,1
"54","SocH3","CLBI-Parnamirim/RN",1,6,1,5,1,1
"55","SUISUI02","Bra1",1,6,2,3,1,1
"56","TANCYA01","Hual5",1,6,1,4,1,1
"57","TANIG01","Hual3",1,6,1,2,1,1
"58","THAMB01","Jequitinhonha",1,6,1,1,1,1
"59","TOFLA01","Jequitinhonha",1,6,1,1,1,1
"60","TULEU01","Felixlandia",1,6,2,2,1,1
"61","TULEU06","Fazenda_St._Maria",1,6,1,1,1,1
"62","VIOLI01","Aracruz",1,6,1,1,1,1
"63","WILPOE15","Bel1",1,6,1,4,1,1
"64","BAEBIC02","Hual4",1,5,1,4,1,1
"65","CARUF01","Felixlandia",1,5,1,1,1,1
"66","COLIN01","Nova_Lima",1,5,1,1,1,1
"67","COLIN11","Nova_Lima",1,5,1,1,1,1
"68","DENCER02","Rond1",1,5,1,4,1,1
"69","DENCER02","Xing1",1,5,1,3,1,1
"70","DENPET03","Esp1",1,5,1,4,1,1
"71","DENPET03","Mil1",1,5,1,5,1,1
"72","GALLUS01","Brasilandia_de_Minas",1,5,1,2,1,1
"73","Haemoproteuserythrogravidus","Fazenda_St._Maria",1,5,2,2,1,1
"74","LEVER03","ESEC-Serra_Negra_do_Norte/RN",1,5,1,2,1,1
"75","MYISWA01","Mil1",1,5,2,5,1,1
"76","NEOFAS03","Aeroporto_de_BSB",1,5,1,2,1,1
"77","NYSMAC03","Bra1",1,5,1,1,1,1
"78","PADOM09","CLBI-Parnamirim/RN",1,5,2,4,1,1
"79","PADOM09","Sta1",1,5,1,1,1,1
"80","PAPOL01","Podocarpus_NP",1,5,2,5,1,1
"81","SGS1","Hu<cc><c1>nuco",1,5,1,5,1,1
"82","SocH2","ESEC-Serra_Negra_do_Norte/RN",1,5,1,3,1,1
"83","TANCHI01","Hual5",1,5,1,3,1,1
"84","TANSCH01","Hual3",1,5,1,2,1,1
"85","THAMB02","Caratinga",1,5,1,1,1,1
"86","THASAT06","RondIL",1,5,1,3,1,1
"87","ZOCAP08","Esp1",1,5,1,4,1,1
"88","AUTPAR01","Tap2",1,4,1,3,1,1
"89","BAEBIC02","Pereira",1,4,1,4,1,1
"90","COLPAS03","Bel1",1,4,1,2,1,1
"91","COLPAS04","Cha1",1,4,1,1,1,1
"92","COPIL01","Salto_da_Divisa",1,4,1,2,1,1
"93","CORPIL01","Aiu1",1,4,1,2,1,1
"94","CORPIL01","ESEC-Serra_Negra_do_Norte/RN",1,4,1,1,1,1
"95","COTAL01","CLBI-Parnamirim/RN",1,4,2,4,1,1
"96","CYCYA01","Ime1",1,4,1,4,1,1
"97","CYCYA01","Rond1",1,4,1,3,1,1
"98","DENPET03","Brasilandia_de_Minas",1,4,1,4,1,1
"99","DENPET03","Pan1",1,4,1,2,1,1
"100","DENPET03","Parque_Nacional_de_Brasí_lia",1,4,1,2,1,1
"101","DIGCYA03","Guandera",1,4,1,1,1,1
"102","LECOR04","Mata_Seca",1,4,1,1,1,1
"103","LEPCOR03","Rond5",1,4,2,3,1,1
"104","LEPCOR03","Wisui",1,4,1,4,1,1
"105","MACPYR01","Rond5",1,4,1,4,1,1
"106","MYITYR01","Brasilandia_de_Minas",1,4,1,1,1,1
"107","MYRMYO01","Rond1",1,4,1,3,1,1
"108","MYRMYO01","Wisui",1,4,1,4,1,1
"109","NYSMAC01","Bra1",1,4,1,2,1,1
"110","PADOM09","Esp1",1,4,3,4,1,1
"111","PADOM09","Jequitinhonha",1,4,2,2,1,1
"112","PADOM09","Mata_Seca",1,4,2,4,1,1
"113","PAMIT01","CLBI-Parnamirim/RN",1,4,2,4,1,1
"114","PAPOL01","Salto_da_Divisa",1,4,2,4,1,1
"115","PHAMAL01","Loreto",1,4,1,3,1,1
"116","PHLNIG03","Rond1",1,4,1,2,1,1
"117","Plasmodiumnucleophilum","Mata_Seca",1,4,1,4,1,1
"118","TACRUB01","Ina2",1,4,1,1,1,1
"119","THAMB03","Salto_da_Divisa",1,4,1,1,1,1
"120","THAMUR01","Ina2",1,4,1,3,1,1
"121","THASAT01","Rond1",1,4,1,4,1,1
"122","THASAT06","Rond1",1,4,1,4,1,1
"123","THCAE01","Bocaiuva",1,4,1,2,1,1
"124","TRMUS01","Hual5",1,4,1,1,1,1
"125","TROAED15","Chaucha",1,4,1,2,1,1
"126","TROAED15","Podocarpus_NP",1,4,1,4,1,1
"127","TROAED20","Hual4",1,4,1,3,1,1
"128","TUMIG03","Felixlandia",1,4,1,1,1,1
"129","TUMIG03","Sfr1",1,4,2,3,1,1
"130","TURALB01","Sfr1",1,4,2,2,1,1
"131","VOLJAC03","Bra1",1,4,1,1,1,1
"132","AUTPAR01","Rond1",1,3,1,3,1,1
"133","BAEBIC02","Ucumari_NP,_La_Pastora",1,3,1,3,1,1
"134","BAFLA01","Jequitinhonha",1,3,1,2,1,1
"135","BAFLA02","ESEC-Serra_Negra_do_Norte/RN",1,3,1,1,1,1
"136","BAFLA03","Bocaiuva",1,3,1,2,1,1
"137","BAFLA03","ESEC-Serra_Negra_do_Norte/RN",1,3,2,3,1,1
"138","BAFLA03","Jequitinhonha",1,3,1,1,1,1
"139","BAFLA04","Felixlandia",1,3,1,1,1,1
"140","BAFLA04","Mil1",1,3,1,2,1,1
"141","BAHYP01","Brasilandia_de_Minas",1,3,1,1,1,1
"142","CAOBS01","Brasilandia_de_Minas",1,3,1,2,1,1
"143","CATUST05","Anco_Cahua",1,3,1,1,1,1
"144","CATUST06","Hual3",1,3,1,2,1,1
"145","COLIN05","Manga",1,3,1,1,1,1
"146","COLIN16","Jequitinhonha",1,3,1,2,1,1
"147","COPIC01","Mata_Seca",1,3,1,2,1,1
"148","COTAL01","Salto_da_Divisa",1,3,2,2,1,1
"149","CYCYAN01","Hual3",1,3,1,3,1,1
"150","DENPET03","Taiama",1,3,1,1,1,1
"151","DETUR01","Rond1",1,3,1,3,1,1
"152","DETUR01","Sooretama",1,3,1,1,1,1
"153","DIGCYA01","Cerro_Bosco",1,3,1,1,1,1
"154","DIGLAF01","Bosque_Palacio",1,3,1,3,1,1
"155","DIGLAF01","Hual3",1,3,1,3,1,1
"156","ELALB01","Jequitinhonha",1,3,1,1,1,1
"157","FORCOL06","Ina3",1,3,1,1,1,1
"158","FORCOL07","Gui2",1,3,1,1,1,1
"159","FURLEU01","Esp1",1,3,1,2,1,1
"160","GALLUS01","Salto_da_Divisa",1,3,1,1,1,1
"161","GLYSPI06","Gui2",1,3,1,1,1,1
"162","HYPSTR04","Rond1",1,3,1,3,1,1
"163","ICTCAY01","Pan1",1,3,1,1,1,1
"164","ILMIL01","Nova_Lima",1,3,1,2,1,1
"165","LEAMA01","Felixlandia",1,3,1,1,1,1
"166","LECOR02","CLBI-Parnamirim/RN",1,3,1,3,1,1
"167","LEPCOR04","Rond3",1,3,1,3,1,1
"168","MYFUM01","Sierra_Nevada_de_Santa_Marta",1,3,1,3,1,1
"169","MYIFLA02","Sierra_Nevada_de_Santa_Marta",1,3,2,3,1,1
"170","MYITYR01","Ser1",1,3,1,1,1,1
"171","MYRAXI01","Xing1",1,3,1,2,1,1
"172","MYRMAX01","Gui2",1,3,1,1,1,1
"173","MYSWA01","Bocaiuva",1,3,2,2,1,1
"174","NEOFAS01","Bra1",1,3,1,1,1,1
"175","NYMAC01","CLBI-Parnamirim/RN",1,3,1,3,1,1
"176","NYSMAC01","Xing1",1,3,1,2,1,1
"177","NYSMAC03","ESEC-Serra_Negra_do_Norte/RN",1,3,2,2,1,1
"178","PADOM09","Aeroporto_Viracopos",1,3,2,2,1,1
"179","PADOM09","Bocaiuva",1,3,2,2,1,1
"180","PADOM09","Brasilandia_de_Minas",1,3,2,2,1,1
"181","PADOM09","Cha1",1,3,1,2,1,1
"182","PADOM09","Pan1",1,3,1,3,1,1
"183","PADOM09","Salto_da_Divisa",1,3,2,3,1,1
"184","PADOM11","Aeroporto_de_BSB",1,3,1,2,1,1
"185","PADOM11","Bra1",1,3,1,2,1,1
"186","PADOM11","Gra1",1,3,1,1,1,1
"187","PADOM11","Jequitinhonha",1,3,1,1,1,1
"188","PAPOL07","Mata_Seca",1,3,2,3,1,1
"189","PHPAT01","Mata_Seca",1,3,1,3,1,1
"190","PYLEU01","Salto_da_Divisa",1,3,1,1,1,1
"191","SGS1","Pantanos_de_Villa_wtland_Reserve",1,3,1,3,1,1
"192","TACRUB02","Nat1",1,3,1,1,1,1
"193","TANICT01","Hual4",1,3,1,3,1,1
"194","THACAE01","Gui2",1,3,1,1,1,1
"195","THAMAE01","Ina3",1,3,1,3,1,1
"196","THAMAE01","Tap1",1,3,1,3,1,1
"197","THASAT10","Rond4",1,3,1,1,1,1
"198","THCAE01","Nova_Lima",1,3,1,1,1,1
"199","THSAY01","Bocaiuva",1,3,1,2,1,1
"200","TROAED15","Cerro_Bosco",1,3,1,1,1,1
"201","TROAED15","Yanayacu",1,3,1,1,1,1
"202","TUAMA01","Bocaiuva",1,3,2,2,1,1
"203","TURALB03","Seb1",1,3,1,2,1,1
"204","TURUF01","Aeroporto_de_BSB",1,3,2,2,1,1
"205","TURUF03","Saj1",1,3,1,1,1,1
"206","VIOLI06","Aiu1",1,3,1,2,1,1
"207","VOLJAC02","Cha1",1,3,1,3,1,1
"208","ARBRU02","Hual3",1,2,1,1,1,1
"209","ARRTAC01","Rond1",1,2,1,1,1,1
"210","AUTPAR01","Ina2",1,2,1,2,1,1
"211","AUTPAR01","Rond2",1,2,1,2,1,1
"212","BAEBIC02","Cedral",1,2,1,2,1,1
"213","BAEBIC02","Hual3",1,2,1,2,1,1
"214","BAFLA03","Brasilandia_de_Minas",1,2,1,2,1,1
"215","BAFLA03","Manga",1,2,1,2,1,1
"216","BAFLA03","Parque_Nacional_de_Brasí_lia",1,2,2,2,1,1
"217","BAFLA04","Aiu1",1,2,1,2,1,1
"218","BAFLA04","Nat1",1,2,1,1,1,1
"219","BAFLA04","Salto_da_Divisa",1,2,1,2,1,1
"220","BAFLA04","Ser1",1,2,1,1,1,1
"221","BAHYP01","Aeroporto_de_BSB",1,2,1,2,1,1
"222","CALON01","CLBI-Parnamirim/RN",1,2,2,2,1,1
"223","CANLEU01","Rond2",1,2,1,2,1,1
"224","CAOBS01","Gra1",1,2,1,1,1,1
"225","CATUST05","Hual1",1,2,1,2,1,1
"226","COLPAS04","Mil1",1,2,1,1,1,1
"227","COLPIC01","Sta1",1,2,2,2,1,1
"228","COLPLU01","Hual4",1,2,2,2,1,1
"229","COLSQU03","Mil1",1,2,1,1,1,1
"230","COPIL01","Bocaiuva",1,2,1,1,1,1
"231","CORPIL02","Ser1",1,2,1,1,1,1
"232","COSQU01","Felixlandia",1,2,1,1,1,1
"233","COSQU01","Manga",1,2,1,1,1,1
"234","COTAL01","Mata_Seca",1,2,1,1,1,1
"235","CYPHIR04","Gra1",1,2,1,1,1,1
"236","DENPET03","Aeroporto_de_BSB",1,2,2,2,1,1
"237","DENPET03","ESEC-Serra_Negra_do_Norte/RN",1,2,1,2,1,1
"238","DENPET03","RondIL",1,2,1,2,1,1
"239","DETUR01","Ina3",1,2,1,1,1,1
"240","DIGCAE01","Bosque_Palacio",1,2,1,2,1,1
"241","DIGCAE01","Hual2",1,2,1,2,1,1
"242","DYSMEN02","Hual4",1,2,1,2,1,1
"243","ELALB01","CLBI-Parnamirim/RN",1,2,2,2,1,1
"244","ELALB01","ESEC-Serra_Negra_do_Norte/RN",1,2,1,2,1,1
"245","ELFLA01","Aracruz",1,2,2,2,1,1
"246","FOCOL01","Sooretama",1,2,1,1,1,1
"247","FOMEL01","Mata_Seca",1,2,1,1,1,1
"248","FORANA02","Hual5",1,2,1,1,1,1
"249","FORCOL06","Ina1",1,2,1,1,1,1
"250","FOSER01","Caratinga",1,2,1,2,1,1
"251","FURLEU01","Ina2",1,2,1,2,1,1
"252","FURLEU01","Pan1",1,2,1,1,1,1
"253","GALLUS01","Sooretama",1,2,1,1,1,1
"254","GEOTRI02","Hual5",1,2,1,2,1,1
"255","GEOTRY01","Gui2",1,2,1,1,1,1
"256","GLYSPI06","Jau1",1,2,1,1,1,1
"257","GRW06","Ina2",1,2,1,2,1,1
"258","GRW06","Ina3",1,2,1,1,1,1
"259","HEAME01","Chingaza_NNP,_Palacio_Forest",1,2,2,2,1,1
"260","HEMATR01","Bosque_Palacio",1,2,1,2,1,1
"261","HEMFRO01","Hual3",1,2,1,1,1,1
"262","Hp1477/478","ESEC-Serra_Negra_do_Norte/RN",1,2,2,2,1,1
"263","Hp2458/478","ESEC-Serra_Negra_do_Norte/RN",1,2,2,2,1,1
"264","HYPSTR07","Rond1",1,2,1,2,1,1
"265","ICTCAY01","Nova_Lima",1,2,1,1,1,1
"266","ICTCAY01","Saj1",1,2,1,2,1,1
"267","LEAMA01","Jequitinhonha",1,2,1,1,1,1
"268","LEPCOR03","Jau1",1,2,1,2,1,1
"269","LEPCOR04","Gui1",1,2,1,2,1,1
"270","LEPNAT01","Rond5",1,2,1,1,1,1
"271","MASTR01","Aracruz",1,2,1,2,1,1
"272","MASTR01","Fazenda_St._Maria",1,2,1,1,1,1
"273","MIMTRI01","Esp1",1,2,2,2,1,1
"274","MYARAL01","Hual3",1,2,1,1,1,1
"275","MYCAME02","Pan2",1,2,1,2,1,1
"276","MYITIR01","ESEC-Serra_Negra_do_Norte/RN",1,2,1,1,1,1
"277","MYITYR01","Bel1",1,2,1,2,1,1
"278","MYITYR01","Felixlandia",1,2,1,1,1,1
"279","MYRAXI01","Rond1",1,2,1,2,1,1
"280","MYRAXI01","Tap1",1,2,1,1,1,1
"281","MYRAXI03","Bel1",1,2,1,1,1,1
"282","MYRAXI03","Rond1",1,2,1,1,1,1
"283","MYRAXI03","Rond4",1,2,1,1,1,1
"284","MYRLON06","Xing1",1,2,1,2,1,1
"285","NEOFAS02","Aeroporto_de_BSB",1,2,1,2,1,1
"286","NEOFAS03","Parque_Nacional_de_Brasí_lia",1,2,2,2,1,1
"287","NEPIL01","Salto_da_Divisa",1,2,1,2,1,1
"288","NYCNYC01","Sao_Paulo_Zoo",1,2,1,2,1,1
"289","PACPEC02","Tiputini",1,2,1,1,1,1
"290","PADOM09","Aracruz",1,2,2,2,1,1
"291","PADOM09","Bel1",1,2,1,2,1,1
"292","PADOM09","Canela",1,2,1,1,1,1
"293","PADOM09","Gra1",1,2,1,1,1,1
"294","PADOM09","Gui2",1,2,1,2,1,1
"295","PADOM09","Huacapongo",1,2,1,1,1,1
"296","PADOM09","Joi1",1,2,1,1,1,1
"297","PADOM09","Rond4",1,2,1,2,1,1
"298","PADOM09","Sfr1",1,2,1,2,1,1
"299","PADOM11","Bel1",1,2,1,2,1,1
"300","PADOM11","Brasilandia_de_Minas",1,2,1,2,1,1
"301","PADOM11","Felixlandia",1,2,1,2,1,1
"302","PADOM11","Jau1",1,2,1,2,1,1
"303","PADOM11","Nova_Lima",1,2,1,1,1,1
"304","PADOM17","ESEC-Serra_Negra_do_Norte/RN",1,2,1,2,1,1
"305","PAMIT01","Mata_Seca",1,2,2,2,1,1
"306","PAPOL03","CLBI-Parnamirim/RN",1,2,2,2,1,1
"307","PAPOL03","Manga",1,2,1,1,1,1
"308","PHAMAL02","Rond1",1,2,1,2,1,1
"309","PHASYR01","Mindo",1,2,1,2,1,1
"310","PHASYR02","Mindo",1,2,1,2,1,1
"311","PHLNIG03","Bel1",1,2,1,2,1,1
"312","PHPAT01","Salto_da_Divisa",1,2,2,2,1,1
"313","PIPFAS02","Ina2",1,2,1,2,1,1
"314","PIRFLA05","Gra1",1,2,1,1,1,1
"315","PREGUT01","Hual4",1,2,1,1,1,1
"316","PREGUT01","Hual5",1,2,1,1,1,1
"317","PSOOCH01","Ime1",1,2,1,1,1,1
"318","RAMCAR01","Bel1",1,2,1,2,1,1
"319","SALATR01","Bra1",1,2,1,1,1,1
"320","SUISUI03","Bra1",1,2,1,1,1,1
"321","TACPHO01","Rond5",1,2,2,2,1,1
"322","TACRUB01","Rond5",1,2,1,1,1,1
"323","TANIG01","El_Bosque",1,2,1,2,1,1
"324","TANIG01","Hual4",1,2,1,2,1,1
"325","TANIG01","Podocarpus_NP",1,2,1,2,1,1
"326","TARUF01","Brasilandia_de_Minas",1,2,1,1,1,1
"327","TASCH01","Wisui",1,2,1,2,1,1
"328","THACAE01","Ina2",1,2,1,2,1,1
"329","THACAE01","Rond1",1,2,1,2,1,1
"330","THACAE01","Wisui",1,2,1,2,1,1
"331","THACAE08","Bel1",1,2,1,1,1,1
"332","THACAE08","Gui2",1,2,1,1,1,1
"333","THACAE08","Xing1",1,2,1,2,1,1
"334","THAMAE01","Bel1",1,2,1,2,1,1
"335","THAMAE01","Ina2",1,2,1,2,1,1
"336","THAMAE01","Wisui",1,2,1,2,1,1
"337","THAMAE01","Xing1",1,2,1,2,1,1
"338","THAMB02","Sooretama",1,2,1,1,1,1
"339","THAMB08","Bocaiuva",1,2,1,1,1,1
"340","THAMB09","Aracruz",1,2,1,2,1,1
"341","THAMUR01","Ina1",1,2,1,1,1,1
"342","THPEL01","Mata_Seca",1,2,1,1,1,1
"343","THSAY02","Aracruz",1,2,1,1,1,1
"344","TOFLA01","Salto_da_Divisa",1,2,1,1,1,1
"345","TOFLA03","Aracruz",1,2,1,1,1,1
"346","TREML02","Caratinga",1,2,1,1,1,1
"347","TRMEL02","Aracruz",1,2,2,2,1,1
"348","TRMUS01","Aracruz",1,2,1,1,1,1
"349","TRMUS02","ESEC-Serra_Negra_do_Norte/RN",1,2,1,1,1,1
"350","TROAED01","Carhuaz",1,2,1,1,1,1
"351","TROAED06","San_Pedro_de_Casta",1,2,1,1,1,1
"352","TROAED12","Sisicaya",1,2,1,1,1,1
"353","TROAED15","Guajalito",1,2,1,1,1,1
"354","TROAED15","San_Rafael",1,2,1,1,1,1
"355","TROAED20","Bosque_Palacio",1,2,1,2,1,1
"356","TROAED20","Carampoma",1,2,1,1,1,1
"357","TROAED20","Hual3",1,2,1,1,1,1
"358","TROAED20","Sierra_Nevada_de_Santa_Marta",1,2,2,2,1,1
"359","TROAED23","Hual5",1,2,1,2,1,1
"360","TUAMA01","CLBI-Parnamirim/RN",1,2,2,2,1,1
"361","TULEU01","Brasilandia_de_Minas",1,2,1,1,1,1
"362","TULEU01","Jequitinhonha",1,2,2,2,1,1
"363","TULEU04","Felixlandia",1,2,1,1,1,1
"364","TULEU06","Bocaiuva",1,2,1,1,1,1
"365","TULEU06","Jequitinhonha",1,2,1,2,1,1
"366","TULEU07","Felixlandia",1,2,2,2,1,1
"367","TURUF03","Sfr1",1,2,1,1,1,1
"368","VIOLI04","Hual5",1,2,2,2,1,1
"369","VOLJAC02","Ser1",1,2,1,1,1,1
"370","WILPOE02","Tap2",1,2,1,2,1,1
"371","WILPOE17","Bel1",1,2,1,2,1,1
"372","WILPOE19","Rond5",1,2,1,1,1,1
"373","ZOCAP01","Saj1",1,2,1,1,1,1
"374","ZOCAP14","Ucumari_NP,_La_Pastora",1,2,1,1,1,1
"375","29092","ESEC-Serra_Negra_do_Norte/RN",1,1,1,1,1,1
"376","ABUCUJ01","Xing1",1,1,1,1,1,1
"377","ADEMEL01","Yanayacu",1,1,1,1,1,1
"378","AFR025","Hual5",1,1,1,1,1,1
"379","AFR028","Hual5",1,1,1,1,1,1
"380","AFR122","Rond1",1,1,1,1,1,1
"381","AFR122","Rond2",1,1,1,1,1,1
"382","AFR122","Tap2",1,1,1,1,1,1
"383","AGEBAD02","Esp1",1,1,1,1,1,1
"384","ALEDIA01","Esp1",1,1,1,1,1,1
"385","AMABRA01","Pan2",1,1,1,1,1,1
"386","ANGAL01","Brasilandia_de_Minas",1,1,1,1,1,1
"387","ANIFLA01","Hual1",1,1,1,1,1,1
"388","ANIGN01","Bosque_Palacio",1,1,1,1,1,1
"389","ANSOM01","Ucumari_NP,_La_Pastora",1,1,1,1,1,1
"390","ARAJAN01","Bel1",1,1,1,1,1,1
"391","ARBRU01","Ucumari_NP,_La_Pastora",1,1,1,1,1,1
"392","ARBRU02","Hual4",1,1,1,1,1,1
"393","ARBRU02","Sierra_Nevada_de_Santa_Marta",1,1,1,1,1,1
"394","ARRTAC01","Ina2",1,1,1,1,1,1
"395","ARRTAC01","Rond3",1,1,1,1,1,1
"396","ARRTAC01","Sfr1",1,1,1,1,1,1
"397","ARRTAC01","Xing1",1,1,1,1,1,1
"398","ARRTAC02","Rond3",1,1,1,1,1,1
"399","ARRTAC05","Xing1",1,1,1,1,1,1
"400","ATLBRU01","Hual3",1,1,1,1,1,1
"401","ATMEL01","Sierra_Nevada_de_Santa_Marta",1,1,1,1,1,1
"402","ATPAL02","Bosque_Palacio",1,1,1,1,1,1
"403","ATTCIN01","Bel1",1,1,1,1,1,1
"404","AUTINF01","Ime1",1,1,1,1,1,1
"405","AUTINF02","Ime1",1,1,1,1,1,1
"406","AUTINF03","Ime1",1,1,1,1,1,1
"407","AUTOCH01","Rond1",1,1,1,1,1,1
"408","AUTOCH02","Rond1",1,1,1,1,1,1
"409","AUTOCH03","Rond1",1,1,1,1,1,1
"410","AUTPAR01","Bel1",1,1,1,1,1,1
"411","AUTPAR01","Pan1",1,1,1,1,1,1
"412","AUTPAR01","Tap1",1,1,1,1,1,1
"413","AUTRUF01","Tap2",1,1,1,1,1,1
"414","BAEBIC02","Hunuco",1,1,1,1,1,1
"415","BAEBIC02","Laguna_Anantay",1,1,1,1,1,1
"416","BAEBIC02","Mantaro_Valley",1,1,1,1,1,1
"417","BAEBIC02","Sianbal",1,1,1,1,1,1
"418","BAEBIC02","Tullanya",1,1,1,1,1,1
"419","BAEBIC02","Yanah",1,1,1,1,1,1
"420","BAFLA01","Nova_Lima",1,1,1,1,1,1
"421","BAFLA02","Esp1",1,1,1,1,1,1
"422","BAFLA02","Felixlandia",1,1,1,1,1,1
"423","BAFLA02","Salto_da_Divisa",1,1,1,1,1,1
"424","BAFLA03","Chapada_dos_Guimaraes",1,1,1,1,1,1
"425","BAFLA03","CLBI-Parnamirim/RN",1,1,1,1,1,1
"426","BAFLA03","Salto_da_Divisa",1,1,1,1,1,1
"427","BAFLA04","Cha1",1,1,1,1,1,1
"428","BAFLA04","ESEC-Serra_Negra_do_Norte/RN",1,1,1,1,1,1
"429","BAFLA05","Brasilandia_de_Minas",1,1,1,1,1,1
"430","BAHYP01","Felixlandia",1,1,1,1,1,1
"431","BAHYP01","Mata_Seca",1,1,1,1,1,1
"432","BASFUL01","Chaucha",1,1,1,1,1,1
"433","BASFUL01","La_Joya",1,1,1,1,1,1
"434","BASTRI01","Hual4",1,1,1,1,1,1
"435","BO6","Varzea_Grande",1,1,1,1,1,1
"436","BUL07","Hual5",1,1,1,1,1,1
"437","CAINO01","Chaucha",1,1,1,1,1,1
"438","CAMRUB01","Bel1",1,1,1,1,1,1
"439","CANLEU01","RondIL",1,1,1,1,1,1
"440","CANLEU02","RondIL",1,1,1,1,1,1
"441","CANLEU03","RondIL",1,1,1,1,1,1
"442","CANLEU04","RondIL",1,1,1,1,1,1
"443","CAOBS01","Felixlandia",1,1,1,1,1,1
"444","CAOBS01","Nova_Lima",1,1,1,1,1,1
"445","CARUF01","Salto_da_Divisa",1,1,1,1,1,1
"446","CASFUS01","Aiu1",1,1,1,1,1,1
"447","CATUST05","Bosque_Palacio",1,1,1,1,1,1
"448","CATUST05","Hual4",1,1,1,1,1,1
"449","CATUST06","Hual1",1,1,1,1,1,1
"450","CATUST06","Hual5",1,1,1,1,1,1
"451","CATUST21","Bogota",1,1,1,1,1,1
"452","CERCIN01","Bel1",1,1,1,1,1,1
"453","CERCIN02","Hual4",1,1,1,1,1,1
"454","CERCIN02","Ina3",1,1,1,1,1,1
"455","CERCIN03","Ina3",1,1,1,1,1,1
"456","CERCIN04","Ina3",1,1,1,1,1,1
"457","CERERY01","Ime1",1,1,1,1,1,1
"458","CERERY01","Ina1",1,1,1,1,1,1
"459","CERRUB01","Rond3",1,1,1,1,1,1
"460","CERSER01","Ina1",1,1,1,1,1,1
"461","CHACAM01","Henri_Pittier_National_Park",1,1,1,1,1,1
"462","CHACAM03","Sfr1",1,1,1,1,1,1
"463","CHCAM01","Jequitinhonha",1,1,1,1,1,1
"464","CHLAEN01","Rond3",1,1,1,1,1,1
"465","CHLAME01","Pan2",1,1,1,1,1,1
"466","CHLIND01","Gui1",1,1,1,1,1,1
"467","CHLOP01","Henri_Pittier_National_Park",1,1,1,1,1,1
"468","CHLOP01","Hunuco",1,1,1,1,1,1
"469","CHLOPH01","Hual1",1,1,1,1,1,1
"470","CHLSPI01","Hual5",1,1,1,1,1,1
"471","CHLSPI02","Hual5",1,1,1,1,1,1
"472","CLAPRE01","Rond5",1,1,1,1,1,1
"473","CMV-2012haplotypeH2","Mata_Seca",1,1,1,1,1,1
"474","COECOE01","Hual4",1,1,1,1,1,1
"475","COHEL01","Monteredondo_station",1,1,1,1,1,1
"476","COLBUC01","Pan1",1,1,1,1,1,1
"477","COLIN01","Caratinga",1,1,1,1,1,1
"478","COLIN05","Aracruz",1,1,1,1,1,1
"479","COLIN05","Jequitinhonha",1,1,1,1,1,1
"480","COLIN06","Nova_Lima",1,1,1,1,1,1
"481","COLIN07","Nova_Lima",1,1,1,1,1,1
"482","COLIN09","Nova_Lima",1,1,1,1,1,1
"483","COLIN15","Nova_Lima",1,1,1,1,1,1
"484","COLIN16","Nova_Lima",1,1,1,1,1,1
"485","COLIV03","Sao_Paulo_Zoo",1,1,1,1,1,1
"486","COLIV06","Sao_Paulo_Zoo",1,1,1,1,1,1
"487","COLL4","Cha1",1,1,1,1,1,1
"488","COLL4","Gra1",1,1,1,1,1,1
"489","COLPAS03","Cha1",1,1,1,1,1,1
"490","COLPAS04","Bel1",1,1,1,1,1,1
"491","COLPAS04","Ime1",1,1,1,1,1,1
"492","COLPAS04","Pan1",1,1,1,1,1,1
"493","COLPAS06","Bel1",1,1,1,1,1,1
"494","COLPIC01","Esp1",1,1,1,1,1,1
"495","COLPIC01","Gra1",1,1,1,1,1,1
"496","COLPIC01","Mil1",1,1,1,1,1,1
"497","COLPLU01","Sfr1",1,1,1,1,1,1
"498","COLPLU02","Hual5",1,1,1,1,1,1
"499","COLSQU04","Mil1",1,1,1,1,1,1
"500","COLSU04","Mil1",1,1,1,1,1,1
"501","COLTAL01","Mil1",1,1,1,1,1,1
"502","COLTAL02","Pan2",1,1,1,1,1,1
"503","COMEL01","Caratinga",1,1,1,1,1,1
"504","COMEL01","Salto_da_Divisa",1,1,1,1,1,1
"505","CONAUR01","Xing1",1,1,1,1,1,1
"506","CONCAS01","Hual4",1,1,1,1,1,1
"507","CONCAS01","Hual5",1,1,1,1,1,1
"508","COPIL01","Brasilandia_de_Minas",1,1,1,1,1,1
"509","COPIL01","Mata_Seca",1,1,1,1,1,1
"510","COQUI05","Sao_Paulo_Zoo",1,1,1,1,1,1
"511","CORCUC01","Esp1",1,1,1,1,1,1
"512","CORPIL03","ESEC-Serra_Negra_do_Norte/RN",1,1,1,1,1,1
"513","CORPIL03","Ser1",1,1,1,1,1,1
"514","CORPIL06","Ser1",1,1,1,1,1,1
"515","CORPIL07","Ser1",1,1,1,1,1,1
"516","CORPIL09","Ser1",1,1,1,1,1,1
"517","CORPIL11","Ser1",1,1,1,1,1,1
"518","CORPIL14","Ser1",1,1,1,1,1,1
"519","COSQU01","Bocaiuva",1,1,1,1,1,1
"520","COSQU01","Brasilandia_de_Minas",1,1,1,1,1,1
"521","COSQU02","Mata_Seca",1,1,1,1,1,1
"522","COSQU03","Mata_Seca",1,1,1,1,1,1
"523","COSQU04","Mata_Seca",1,1,1,1,1,1
"524","COTAL01","Manga",1,1,1,1,1,1
"525","CPCT57","CLBI-Parnamirim/RN",1,1,1,1,1,1
"526","CRAVUL01","RondIL",1,1,1,1,1,1
"527","CREFUR01","Atol_das_Rocas",1,1,1,1,1,1
"528","CREFUR01","Espanola",1,1,1,1,1,1
"529","CREFUR01","Sao_Pedro_and_Sao_Paulo_Archip.",1,1,1,1,1,1
"530","CRYUND01","Pan2",1,1,1,1,1,1
"531","CYACYA01","Rond2",1,1,1,1,1,1
"532","CYACYA03","Ina2",1,1,1,1,1,1
"533","CYACYA04","Rond3",1,1,1,1,1,1
"534","CYCGUJ01","Gra1",1,1,1,1,1,1
"535","CYCYA01","Ina3",1,1,1,1,1,1
"536","CYCYA01","Mil1",1,1,1,1,1,1
"537","CYCYA01","Purus-Madeira",1,1,1,1,1,1
"538","CYCYA01","Tap1",1,1,1,1,1,1
"539","CYCYA01","Tap2",1,1,1,1,1,1
"540","CYCYA01","Xing1",1,1,1,1,1,1
"541","CYCYAN01","Rond5",1,1,1,1,1,1
"542","CYPHIR01","Bra1",1,1,1,1,1,1
"543","CYPHIR03","Gra1",1,1,1,1,1,1
"544","DENAUT01","Casanare",1,1,1,1,1,1
"545","DENAUT01","Praia_do_Meio",1,1,1,1,1,1
"546","DENCER01","Tap2",1,1,1,1,1,1
"547","DENCER02","Mil1",1,1,1,1,1,1
"548","DENCER02","RondIL",1,1,1,1,1,1
"549","DENFUL01","Rond1",1,1,1,1,1,1
"550","DENFUL01","Rond2",1,1,1,1,1,1
"551","DENFUL02","Gui2",1,1,1,1,1,1
"552","DENMER01","Ina1",1,1,1,1,1,1
"553","DENMER01","Ina2",1,1,1,1,1,1
"554","DENMER02","Ina3",1,1,1,1,1,1
"555","DENMER02","Xing1",1,1,1,1,1,1
"556","DENPET03","Aracruz",1,1,1,1,1,1
"557","DENPET03","Bocaiuva",1,1,1,1,1,1
"558","DENPET03","Caceres",1,1,1,1,1,1
"559","DENPET03","Caratinga",1,1,1,1,1,1
"560","DENPET03","Cha1",1,1,1,1,1,1
"561","DENPET03","Ina2",1,1,1,1,1,1
"562","DENPET03","Manga",1,1,1,1,1,1
"563","DENPET03","Nat1",1,1,1,1,1,1
"564","DENPET03","Palmas",1,1,1,1,1,1
"565","DENPET03","Praia_do_Meio",1,1,1,1,1,1
"566","DENPET03","Salto_da_Divisa",1,1,1,1,1,1
"567","DENPET03","Sfr1",1,1,1,1,1,1
"568","DENPET03","Xing1",1,1,1,1,1,1
"569","DENVID01","Sao_Paulo_Zoo",1,1,1,1,1,1
"570","DENVID01","Xing1",1,1,1,1,1,1
"571","DENVID02","Sao_Paulo_Zoo",1,1,1,1,1,1
"572","DETPET03","Mic1",1,1,1,1,1,1
"573","DICCIN01","Rond1",1,1,1,1,1,1
"574","DIGCAE01","Hual3",1,1,1,1,1,1
"575","DIGCYA02","Cerro_Bosco",1,1,1,1,1,1
"576","DIGCYA02","Tapichalaca",1,1,1,1,1,1
"577","DIGCYA03","Bellavista",1,1,1,1,1,1
"578","DIGCYA04","Cerro_Bosco",1,1,1,1,1,1
"579","DIGCYA05","Cerro_Bosco",1,1,1,1,1,1
"580","DIGCYA06","Guandera",1,1,1,1,1,1
"581","DIGCYA07","Guandera",1,1,1,1,1,1
"582","DIGCYA08","Bosque_Palacio",1,1,1,1,1,1
"583","DIGLAF01","El_Bosque",1,1,1,1,1,1
"584","DIGLAF01","Monteredondo_station",1,1,1,1,1,1
"585","DIGLAF01","Sierra_Nevada_de_Santa_Marta",1,1,1,1,1,1
"586","DIGLAF02","Monteredondo_station",1,1,1,1,1,1
"587","DIXPIP01","Gui1",1,1,1,1,1,1
"588","DYSMEN01","Bel1",1,1,1,1,1,1
"589","DYSMEN03","Hual4",1,1,1,1,1,1
"590","DYSMEN04","Hual4",1,1,1,1,1,1
"591","DYSMEN04","Hual5",1,1,1,1,1,1
"592","ELACHI01","Ser1",1,1,1,1,1,1
"593","ELAFLA01","Gui2",1,1,1,1,1,1
"594","ELALB01","Sooretama",1,1,1,1,1,1
"595","ELALBO01","Brasilandia_de_Minas",1,1,1,1,1,1
"596","ELASPE01","Esp1",1,1,1,1,1,1
"597","EMPOBE02","Gra1",1,1,1,1,1,1
"598","EMPOBE02","Parque_Nacional_de_Brasí_lia",1,1,1,1,1,1
"599","EMPVAR01","Ser1",1,1,1,1,1,1
"600","ENTLEU01","Hual1",1,1,1,1,1,1
"601","EUCHL01","Bocaiuva",1,1,1,1,1,1
"602","EUMIN01","Mic1",1,1,1,1,1,1
"603","EUMIN01","Pan2",1,1,1,1,1,1
"604","EUPMAC01","Mic1",1,1,1,1,1,1
"605","EUTAQU01","Cumanda",1,1,1,1,1,1
"606","EUTAQU01","Maizal",1,1,1,1,1,1
"607","EUTAQU01","Nueva_Alianza",1,1,1,1,1,1
"608","EUVIO01","Salto_da_Divisa",1,1,1,1,1,1
"609","EUXAN01","Wisui",1,1,1,1,1,1
"610","FOCOL01","Xing1",1,1,1,1,1,1
"611","FOCOL02","Sooretama",1,1,1,1,1,1
"612","FOGRI01","CLBI-Parnamirim/RN",1,1,1,1,1,1
"613","FOLEU01","Manga",1,1,1,1,1,1
"614","FOLEU01","Salto_da_Divisa",1,1,1,1,1,1
"615","FOMEL01","Bocaiuva",1,1,1,1,1,1
"616","FOMEL02","Mata_Seca",1,1,1,1,1,1
"617","FOMEL03","Mata_Seca",1,1,1,1,1,1
"618","FOMEL04","CLBI-Parnamirim/RN",1,1,1,1,1,1
"619","FORANA01","Henri_Pittier_National_Park",1,1,1,1,1,1
"620","FORCOL01","Rond1",1,1,1,1,1,1
"621","FORCOL02","Gui1",1,1,1,1,1,1
"622","FORCOL03","Gui1",1,1,1,1,1,1
"623","FORCOL04","Gui1",1,1,1,1,1,1
"624","FORCOL05","Ina1",1,1,1,1,1,1
"625","FORCOL08","Ina3",1,1,1,1,1,1
"626","FORGRI01","Bel1",1,1,1,1,1,1
"627","FORGRI03","Bel1",1,1,1,1,1,1
"628","FOSER01","Bocaiuva",1,1,1,1,1,1
"629","FOSER01","Ser1",1,1,1,1,1,1
"630","FRAG15","Base_UFMT",1,1,1,1,1,1
"631","FULEU01","Salto_da_Divisa",1,1,1,1,1,1
"632","FURLEU01","Aiu1",1,1,1,1,1,1
"633","FURLEU01","Bra1",1,1,1,1,1,1
"634","FURLEU01","Cha1",1,1,1,1,1,1
"635","FURLEU01","Gra1",1,1,1,1,1,1
"636","FURLEU01","Gui2",1,1,1,1,1,1
"637","FURLEU01","Jau1",1,1,1,1,1,1
"638","FURLEU01","Mil1",1,1,1,1,1,1
"639","FURLEU01","Rond3",1,1,1,1,1,1
"640","FURLEU01","Ser1",1,1,1,1,1,1
"641","FURLEU01","Sta1",1,1,1,1,1,1
"642","FURLEU02","Mil1",1,1,1,1,1,1
"643","FURUF01","Brasilandia_de_Minas",1,1,1,1,1,1
"644","GALALB01","Gui1",1,1,1,1,1,1
"645","GALCYA01","Rond1",1,1,1,1,1,1
"646","GALCYA02","Ina1",1,1,1,1,1,1
"647","GALCYA02","Ina3",1,1,1,1,1,1
"648","GALCYA02","Rond1",1,1,1,1,1,1
"649","GALCYA04","Rond1",1,1,1,1,1,1
"650","GALLUS01","Bocaiuva",1,1,1,1,1,1
"651","GALLUS01","Felixlandia",1,1,1,1,1,1
"652","GALLUS01","Manga",1,1,1,1,1,1
"653","GEOFRE01","Hual5",1,1,1,1,1,1
"654","GEOFUL01","Isla_Machena",1,1,1,1,1,1
"655","GEOMON01","Ina1",1,1,1,1,1,1
"656","GEOTRI01","Ucumari_NP,_La_Pastora",1,1,1,1,1,1
"657","GEOTRI02","Hual1",1,1,1,1,1,1
"658","GEOTRY01","Tap1",1,1,1,1,1,1
"659","GEOTRY01","Tap2",1,1,1,1,1,1
"660","GEOTRY01","Wisui",1,1,1,1,1,1
"661","GLAHIR01","Mic1",1,1,1,1,1,1
"662","GLAHIR03","Mic1",1,1,1,1,1,1
"663","GLAHIR04","Mic1",1,1,1,1,1,1
"664","GLYSPI01","Cumanda",1,1,1,1,1,1
"665","GLYSPI02","Cumanda",1,1,1,1,1,1
"666","GLYSPI03","Rond1",1,1,1,1,1,1
"667","GLYSPI04","Ime1",1,1,1,1,1,1
"668","GLYSPI05","Ina2",1,1,1,1,1,1
"669","GRAGUA01","Hual5",1,1,1,1,1,1
"670","GRAQUI01","Otun_Lagoon",1,1,1,1,1,1
"671","GRAQUI02","Otun_Lagoon",1,1,1,1,1,1
"672","GRARUF01","Chingaza_NNP,_Palacio_Forest",1,1,1,1,1,1
"673","GRARUF02","Chingaza_NNP,_Palacio_Forest",1,1,1,1,1,1
"674","GRW04","Campo_Grande",1,1,1,1,1,1
"675","GRW04","Gualeguaychu",1,1,1,1,1,1
"676","GRW04","Uberlandia",1,1,1,1,1,1
"677","GRW06","Bel1",1,1,1,1,1,1
"678","GRW06","Gui3",1,1,1,1,1,1
"679","GRW06","Jequitinhonha",1,1,1,1,1,1
"680","GRW06","Pan1",1,1,1,1,1,1
"681","GURUF01","Brasilandia_de_Minas",1,1,1,1,1,1
"682","GYMLEU02","Ime1",1,1,1,1,1,1
"683","GYMSAL01","Ina1",1,1,1,1,1,1
"684","GYMSAL01","Ina2",1,1,1,1,1,1
"685","GYMSAL03","Ina3",1,1,1,1,1,1
"686","H012","CLBI-Parnamirim/RN",1,1,1,1,1,1
"687","HAECOL1","Bogota",1,1,1,1,1,1
"688","HAECOL1","Sao_Paulo_Zoo",1,1,1,1,1,1
"689","Haemoproteusvireonis","Aeroporto_de_BSB",1,1,1,1,1,1
"690","HEMATR01","Hual2",1,1,1,1,1,1
"691","HEMGUI01","Mil1",1,1,1,1,1,1
"692","HESEL01","CLBI-Parnamirim/RN",1,1,1,1,1,1
"693","HESEL01","Mata_Seca",1,1,1,1,1,1
"694","HYAMA01","CLBI-Parnamirim/RN",1,1,1,1,1,1
"695","HYLNAE01","Ime1",1,1,1,1,1,1
"696","HYLNAE02","Ina3",1,1,1,1,1,1
"697","HYLOCH01","Tap1",1,1,1,1,1,1
"698","HYLPUN01","Rond1",1,1,1,1,1,1
"699","HYLPUN03","Xing1",1,1,1,1,1,1
"700","HYPCAN01","Wisui",1,1,1,1,1,1
"701","HYPCAN02","Rond5",1,1,1,1,1,1
"702","HYPOCH01","Rond3",1,1,1,1,1,1
"703","HYPSTR01","Rond2",1,1,1,1,1,1
"704","HYPSTR03","Tap2",1,1,1,1,1,1
"705","HYPSTR05","Rond1",1,1,1,1,1,1
"706","HYPSTR06","Rond1",1,1,1,1,1,1
"707","HYPSTR07","Ina2",1,1,1,1,1,1
"708","HYPSTR09","Rond1",1,1,1,1,1,1
"709","HYPSTR10","Rond1",1,1,1,1,1,1
"710","HYPSTR12","Rond1",1,1,1,1,1,1
"711","HYPSTR14","Rond1",1,1,1,1,1,1
"712","HYPSTR15","Rond1",1,1,1,1,1,1
"713","HYREC01","Brasilandia_de_Minas",1,1,1,1,1,1
"714","IBYAME01","Xing1",1,1,1,1,1,1
"715","ICTCAY01","Esp1",1,1,1,1,1,1
"716","ICTCAY03","Pan2",1,1,1,1,1,1
"717","IIL-2016","Parque_Nacional_de_Brasí_lia",1,1,1,1,1,1
"718","ISLGUT01","Gui1",1,1,1,1,1,1
"719","ISLGUT02","Gui1",1,1,1,1,1,1
"720","ISLHAU01","Bel1",1,1,1,1,1,1
"721","ISLHAU01","Rond1",1,1,1,1,1,1
"722","ISLHAU02","Rond1",1,1,1,1,1,1
"723","ISLHAU03","Rond1",1,1,1,1,1,1
"724","JA09","ESEC-Serra_Negra_do_Norte/RN",1,1,1,1,1,1
"725","JUNPHA01","Esp1",1,1,1,1,1,1
"726","KNIPOE01","RondIL",1,1,1,1,1,1
"727","LAIRI01","Isla_Floreana",1,1,1,1,1,1
"728","LEIPER01","Bogota",1,1,1,1,1,1
"729","LEIPER02","Bogota",1,1,1,1,1,1
"730","LEPAMA01","Tap2",1,1,1,1,1,1
"731","LEPANG01","Aiu1",1,1,1,1,1,1
"732","LEPANG02","Esp1",1,1,1,1,1,1
"733","LEPCOR01","Wisui",1,1,1,1,1,1
"734","LEPCOR02","Wisui",1,1,1,1,1,1
"735","LEPCOR04","Purus-Madeira",1,1,1,1,1,1
"736","LEPCOR04","Rond4",1,1,1,1,1,1
"737","LEPCOR04","Wisui",1,1,1,1,1,1
"738","LEPCOR05","Ina1",1,1,1,1,1,1
"739","LEPCOR05","Purus-Madeira",1,1,1,1,1,1
"740","LEPCOR06","Ina3",1,1,1,1,1,1
"741","LEPNAT02","Rond3",1,1,1,1,1,1
"742","LEPNAT03","Rond3",1,1,1,1,1,1
"743","LEPRUF02","Aiu1",1,1,1,1,1,1
"744","LEPRUF02","Esp1",1,1,1,1,1,1
"745","LEPRUF02","Gui2",1,1,1,1,1,1
"746","LEPRUF02","Mil1",1,1,1,1,1,1
"747","LEPRUF02","RondIL",1,1,1,1,1,1
"748","LEPVIL01","Tap2",1,1,1,1,1,1
"749","LERUF01","Jequitinhonha",1,1,1,1,1,1
"750","LERUF01","Manga",1,1,1,1,1,1
"751","LEVER03","Mata_Seca",1,1,1,1,1,1
"752","LinhagemNova","Aeroporto_de_BSB",1,1,1,1,1,1
"753","LIPVOC01","Xing1",1,1,1,1,1,1
"754","MACPYR01","Jau1",1,1,1,1,1,1
"755","MACPYR02","Rond5",1,1,1,1,1,1
"756","MALRUF01","Ina3",1,1,1,1,1,1
"757","MASTR01","Brasilandia_de_Minas",1,1,1,1,1,1
"758","MASTR01","Busca_Vida",1,1,1,1,1,1
"759","MASTR01","Jequitinhonha",1,1,1,1,1,1
"760","MESCAY01","Pan2",1,1,1,1,1,1
"761","METYR01","Monteredondo_station",1,1,1,1,1,1
"762","MICGIL01","Gui2",1,1,1,1,1,1
"763","MICMIN01","Bel1",1,1,1,1,1,1
"764","MICMIN02","Xing1",1,1,1,1,1,1
"765","MICMIN03","Xing1",1,1,1,1,1,1
"766","MICMIN04","Xing1",1,1,1,1,1,1
"767","MICMIN05","Xing1",1,1,1,1,1,1
"768","MICRUF01","Xing1",1,1,1,1,1,1
"769","MIOMAC01","Tap2",1,1,1,1,1,1
"770","MIOMAC02","Rond1",1,1,1,1,1,1
"771","MIOSTR01","Cerro_Bosco",1,1,1,1,1,1
"772","MITOM01","Taiama",1,1,1,1,1,1
"773","MOBON01","Base_UFMT",1,1,1,1,1,1
"774","MOBON01","Brasilandia_de_Minas",1,1,1,1,1,1
"775","MOLBON02","Esp1",1,1,1,1,1,1
"776","MONNIG01","Gui1",1,1,1,1,1,1
"777","MONNIG01","Hual1",1,1,1,1,1,1
"778","MONNIG01","Rond1",1,1,1,1,1,1
"779","MONNIG01","RondIL",1,1,1,1,1,1
"780","MONNIG01","Xing1",1,1,1,1,1,1
"781","MYCAME01","Fazenda_Retirinho",1,1,1,1,1,1
"782","MYCAME02","Bar<U+0323>o_de_Melga<U+0324>o",1,1,1,1,1,1
"783","MYCAME02","Fazenda_Ipiranga",1,1,1,1,1,1
"784","MYCAME02","Macacoari",1,1,1,1,1,1
"785","MYCAME02","Rond1",1,1,1,1,1,1
"786","MYCAME02","Tucum",1,1,1,1,1,1
"787","MYCAME03","Macacoari",1,1,1,1,1,1
"788","MYCAME04","Fazenda_Ipiranga",1,1,1,1,1,1
"789","MYCAME05","Se_Cria",1,1,1,1,1,1
"790","MYCAME06","Bar<U+0323>o_de_Melga<U+0324>o",1,1,1,1,1,1
"791","MYCAME07","Ba<cc>?a_Bonita",1,1,1,1,1,1
"792","MYCAME08","Pan2",1,1,1,1,1,1
"793","MYCAN01","Caratinga",1,1,1,1,1,1
"794","MYIFER01","Rond2",1,1,1,1,1,1
"795","MYITYR01","Ina2",1,1,1,1,1,1
"796","MYITYR01","Isla_Fernandina",1,1,1,1,1,1
"797","MYITYR01","Isla_Isabela",1,1,1,1,1,1
"798","MYMAC02","ESEC-Serra_Negra_do_Norte/RN",1,1,1,1,1,1
"799","MYMAC02","Mata_Seca",1,1,1,1,1,1
"800","MYMAC03","Mata_Seca",1,1,1,1,1,1
"801","MYRAXI01","Bra1",1,1,1,1,1,1
"802","MYRAXI01","Tap2",1,1,1,1,1,1
"803","MYRAXI02","Tap2",1,1,1,1,1,1
"804","MYRAXI04","Rond1",1,1,1,1,1,1
"805","MYRAXI05","Ina2",1,1,1,1,1,1
"806","MYRAXI06","Ina2",1,1,1,1,1,1
"807","MYRAXI07","Ina2",1,1,1,1,1,1
"808","MYRAXI09","Bel1",1,1,1,1,1,1
"809","MYRAXI09","Ina3",1,1,1,1,1,1
"810","MYRAXI10","Xing1",1,1,1,1,1,1
"811","MYRFOR01","Ina1",1,1,1,1,1,1
"812","MYRFOR03","Ina1",1,1,1,1,1,1
"813","MYRHEM01","Rond3",1,1,1,1,1,1
"814","MYRHEM02","Hual5",1,1,1,1,1,1
"815","MYRHEM02","Joi1",1,1,1,1,1,1
"816","MYRLON01","Rond1",1,1,1,1,1,1
"817","MYRLON02","Ime1",1,1,1,1,1,1
"818","MYRLON02","Ina2",1,1,1,1,1,1
"819","MYRLON03","Ime1",1,1,1,1,1,1
"820","MYRLON04","Ina2",1,1,1,1,1,1
"821","MYRMAX01","Gui1",1,1,1,1,1,1
"822","MYRMAX01","Ina3",1,1,1,1,1,1
"823","MYRMAX01","Rond1",1,1,1,1,1,1
"824","MYRMAX01","Wisui",1,1,1,1,1,1
"825","MYRMEN02","Xing1",1,1,1,1,1,1
"826","MYRMYO01","Tap1",1,1,1,1,1,1
"827","MYRMYO02","Wisui",1,1,1,1,1,1
"828","MYRMYO04","Rond1",1,1,1,1,1,1
"829","MYRMYO05","Rond1",1,1,1,1,1,1
"830","MYRMYO07","Ina1",1,1,1,1,1,1
"831","MYRMYO08","Ina1",1,1,1,1,1,1
"832","MYRMYO09","Ina3",1,1,1,1,1,1
"833","MYRSCH01","Hual4",1,1,1,1,1,1
"834","MYSWA01","Brasilandia_de_Minas",1,1,1,1,1,1
"835","NEOFAS02","Aeroporto_Viracopos",1,1,1,1,1,1
"836","NEOFAS02","Bra1",1,1,1,1,1,1
"837","NEOFAS02","Cha1",1,1,1,1,1,1
"838","NEOFAS03","Gra1",1,1,1,1,1,1
"839","NEOFAS06","Bra1",1,1,1,1,1,1
"840","NEOFAS07","Gra1",1,1,1,1,1,1
"841","NEOFAS08","Gra1",1,1,1,1,1,1
"842","NEOFAS09","Cha1",1,1,1,1,1,1
"843","NEOFAS10","Gra1",1,1,1,1,1,1
"844","NEOFAS12","Gra1",1,1,1,1,1,1
"845","Nova","Chapada_dos_Guimaraes",1,1,1,1,1,1
"846","NYSMAC01","Cha1",1,1,1,1,1,1
"847","NYSMAC01","Varzea_Grande",1,1,1,1,1,1
"848","NYSMAC03","Gra1",1,1,1,1,1,1
"849","NYSMAC04","Ser1",1,1,1,1,1,1
"850","P1477/478","ESEC-Serra_Negra_do_Norte/RN",1,1,1,1,1,1
"851","P3477/478","ESEC-Serra_Negra_do_Norte/RN",1,1,1,1,1,1
"852","PACMAR01","Aiu1",1,1,1,1,1,1
"853","PACPEC02","Bellavista",1,1,1,1,1,1
"854","PACPEC02","Bogota",1,1,1,1,1,1
"855","PACPEC02","Loma_Alta",1,1,1,1,1,1
"856","PACPEC02","Wisui",1,1,1,1,1,1
"857","PACPOL02","Hual5",1,1,1,1,1,1
"858","PACRUF01","Bel1",1,1,1,1,1,1
"859","PACVAL01","Cha1",1,1,1,1,1,1
"860","PADOM09","Aeroporto_de_BSB",1,1,1,1,1,1
"861","PADOM09","Bru1",1,1,1,1,1,1
"862","PADOM09","Caceres",1,1,1,1,1,1
"863","PADOM09","Campo_Grande",1,1,1,1,1,1
"864","PADOM09","Caratinga",1,1,1,1,1,1
"865","PADOM09","Ina3",1,1,1,1,1,1
"866","PADOM09","Jau1",1,1,1,1,1,1
"867","PADOM09","Nat1",1,1,1,1,1,1
"868","PADOM09","Niteroi",1,1,1,1,1,1
"869","PADOM09","Olmos",1,1,1,1,1,1
"870","PADOM09","Recife",1,1,1,1,1,1
"871","PADOM09","Saj1",1,1,1,1,1,1
"872","PADOM09","Salvador",1,1,1,1,1,1
"873","PADOM09","Uberlandia",1,1,1,1,1,1
"874","PADOM11","Aeroporto_Viracopos",1,1,1,1,1,1
"875","PADOM11","Bocaiuva",1,1,1,1,1,1
"876","PADOM11","CLBI-Parnamirim/RN",1,1,1,1,1,1
"877","PADOM11","Gurupi",1,1,1,1,1,1
"878","PADOM11","Palmas",1,1,1,1,1,1
"879","PADOM11","Salto_da_Divisa",1,1,1,1,1,1
"880","PADOM17","Caceres",1,1,1,1,1,1
"881","PADOM17","CLBI-Parnamirim/RN",1,1,1,1,1,1
"882","PADOM19","Canela",1,1,1,1,1,1
"883","PAPOL02","Mata_Seca",1,1,1,1,1,1
"884","PAPOL02","Salto_da_Divisa",1,1,1,1,1,1
"885","PAPOL03","Bra1",1,1,1,1,1,1
"886","PAPOL03","Salto_da_Divisa",1,1,1,1,1,1
"887","PAPOL03","Ser1",1,1,1,1,1,1
"888","PAPOL04","Salto_da_Divisa",1,1,1,1,1,1
"889","PAPOL06","Brasilandia_de_Minas",1,1,1,1,1,1
"890","PARCAP01","Pan1",1,1,1,1,1,1
"891","PARCAP02","Pan1",1,1,1,1,1,1
"892","PARCAP03","Pan1",1,1,1,1,1,1
"893","PARCAP05","Pan1",1,1,1,1,1,1
"894","PARCAP06","Pan1",1,1,1,1,1,1
"895","PARCAP08","Pan1",1,1,1,1,1,1
"896","PARCAP09","Pan1",1,1,1,1,1,1
"897","PARCON01","Pan1",1,1,1,1,1,1
"898","PHAE01","Rond1",1,1,1,1,1,1
"899","PHAMAL01","Cumanda",1,1,1,1,1,1
"900","PHAMAL02","Rond2",1,1,1,1,1,1
"901","PHASYR02","Nueva_Alianza",1,1,1,1,1,1
"902","PHIERY01","Bel1",1,1,1,1,1,1
"903","PHIERY03","Ime1",1,1,1,1,1,1
"904","PHLNIG02","Tap1",1,1,1,1,1,1
"905","PHLNIG03","Ina1",1,1,1,1,1,1
"906","PHLNIG03","Xing1",1,1,1,1,1,1
"907","PHLNIG04","Rond1",1,1,1,1,1,1
"908","PHLNIG06","Rond1",1,1,1,1,1,1
"909","PHMUR01","Salto_da_Divisa",1,1,1,1,1,1
"910","PHPAT01","Brasilandia_de_Minas",1,1,1,1,1,1
"911","PHPAT01","Esp1",1,1,1,1,1,1
"912","PHPAT01","Felixlandia",1,1,1,1,1,1
"913","PHPAT01","Hu<cc><c1>nuco",1,1,1,1,1,1
"914","PHPAT01","Praia_do_Meio",1,1,1,1,1,1
"915","PHPAT01","Sfr1",1,1,1,1,1,1
"916","PIACAY01","Hual4",1,1,1,1,1,1
"917","PICFLA01","Bel1",1,1,1,1,1,1
"918","PIOLI03","Bogota",1,1,1,1,1,1
"919","PIPCHL01","Rond5",1,1,1,1,1,1
"920","PIPFAS02","Rond2",1,1,1,1,1,1
"921","PIPFAS03","Rond1",1,1,1,1,1,1
"922","PIPFAS04","Ina3",1,1,1,1,1,1
"923","PIRFLA04","Gra1",1,1,1,1,1,1
"924","PIRFLA06","Gra1",1,1,1,1,1,1
"925","PISUL01","Felixlandia",1,1,1,1,1,1
"926","Plasmodiumjuxtanucleare","Base_UFMT",1,1,1,1,1,1
"927","Plasmodiumjuxtanucleare","Varzea_Grande",1,1,1,1,1,1
"928","POMFER01","Sierra_Nevada_de_Santa_Marta",1,1,1,1,1,1
"929","POPLU01","CLBI-Parnamirim/RN",1,1,1,1,1,1
"930","PRAIRIECH","Aeroporto_de_BSB",1,1,1,1,1,1
"931","PSABIF01","Bel1",1,1,1,1,1,1
"932","PSABIF02","Bel1",1,1,1,1,1,1
"933","PsDIS01","Fazenda_St._Maria",1,1,1,1,1,1
"934","PSEGRI01","Hual5",1,1,1,1,1,1
"935","PYERY01","Hu<cc><c1>nuco",1,1,1,1,1,1
"936","PYLEU01","Jequitinhonha",1,1,1,1,1,1
"937","PYLEU01","Nova_Lima",1,1,1,1,1,1
"938","PYLEU02","Nova_Lima",1,1,1,1,1,1
"939","PYLEU04","Salto_da_Divisa",1,1,1,1,1,1
"940","PYRLEP01","Bel1",1,1,1,1,1,1
"941","PYRLEP02","Bel1",1,1,1,1,1,1
"942","PYRLEU03","Bel1",1,1,1,1,1,1
"943","PYRLEU04","Mic1",1,1,1,1,1,1
"944","PYRRUB01","Esp1",1,1,1,1,1,1
"945","RAMCAR01","Aeroporto_de_BSB",1,1,1,1,1,1
"946","RAMCAR02","Rond2",1,1,1,1,1,1
"947","RAMCAR03","Ina2",1,1,1,1,1,1
"948","RAMCAR05","Ina2",1,1,1,1,1,1
"949","RECOB4","Bellavista",1,1,1,1,1,1
"950","RECOB4","Chaucha",1,1,1,1,1,1
"951","RHYSIM01","Rond4",1,1,1,1,1,1
"952","SCHRUF01","Nat1",1,1,1,1,1,1
"953","SCHTUR01","Rond1",1,1,1,1,1,1
"954","SCHTUR02","Rond1",1,1,1,1,1,1
"955","SCLCAU01","Tap2",1,1,1,1,1,1
"956","SCLCAU02","Xing1",1,1,1,1,1,1
"957","SERCIN01","Hu<cc><c1>nuco",1,1,1,1,1,1
"958","SERSUB01","Esp1",1,1,1,1,1,1
"959","SocH3","Busca_Vida",1,1,1,1,1,1
"960","SocH3","Mata_Seca",1,1,1,1,1,1
"961","SocH4","CLBI-Parnamirim/RN",1,1,1,1,1,1
"962","SPMAG04","Mic1",1,1,1,1,1,1
"963","SPMAG04","Xing1",1,1,1,1,1,1
"964","SPMAG06","Mil1",1,1,1,1,1,1
"965","SPMAG08","Hual3",1,1,1,1,1,1
"966","SPMAG08","Hual4",1,1,1,1,1,1
"967","SPMAG08","Hual5",1,1,1,1,1,1
"968","SPMAG08","Joi1",1,1,1,1,1,1
"969","SPMEN03","Isla_Isabela",1,1,1,1,1,1
"970","SPMEN03","Isla_Santa_Cruz",1,1,1,1,1,1
"971","SPOPLU01","Gra1",1,1,1,1,1,1
"972","STTA17H","Aeroporto_Viracopos",1,1,1,1,1,1
"973","SUISUI02","Aeroporto_de_BSB",1,1,1,1,1,1
"974","SYCIN01","Jequitinhonha",1,1,1,1,1,1
"975","SYNALB01","Sta1",1,1,1,1,1,1
"976","TACCRI01","Bel1",1,1,1,1,1,1
"977","TACCRI01","Gui2",1,1,1,1,1,1
"978","TACCRI01","Ime1",1,1,1,1,1,1
"979","TACCRI01","Rond1",1,1,1,1,1,1
"980","TACCRI02","Rond1",1,1,1,1,1,1
"981","TACRUB01","Ina1",1,1,1,1,1,1
"982","TACRUB01","Ina3",1,1,1,1,1,1
"983","TACRUB01","Pantanos_de_Villa_wtland_Reserve",1,1,1,1,1,1
"984","TACRUB01","Purus-Madeira",1,1,1,1,1,1
"985","TACRUB01","Rond3",1,1,1,1,1,1
"986","TACRUB01","Wisui",1,1,1,1,1,1
"987","TACRUB03","Nat1",1,1,1,1,1,1
"988","TACRUB04","Bru1",1,1,1,1,1,1
"989","TACRUF01","Mil1",1,1,1,1,1,1
"990","TAFUF01","Felixlandia",1,1,1,1,1,1
"991","TANCAY01","Bra1",1,1,1,1,1,1
"992","TANCHI02","Hual5",1,1,1,1,1,1
"993","TANCYA02","Hual5",1,1,1,1,1,1
"994","TANICT01","Bellavista",1,1,1,1,1,1
"995","TANICT01","Hu<cc><c1>nuco",1,1,1,1,1,1
"996","TANICT01","Pantanos_de_Villa_wtland_Reserve",1,1,1,1,1,1
"997","TANIG01","Bogota",1,1,1,1,1,1
"998","TANIG01","Cedral",1,1,1,1,1,1
"999","TANLAB01","Hual4",1,1,1,1,1,1
"1000","TANNIG01","Hual4",1,1,1,1,1,1
"1001","TANSAY01","Cha1",1,1,1,1,1,1
"1002","TANSCH01","Hual4",1,1,1,1,1,1
"1003","TANVAS02","Bosque_Palacio",1,1,1,1,1,1
"1004","TANVAS02","El_Bosque",1,1,1,1,1,1
"1005","TANXAN01","Hual4",1,1,1,1,1,1
"1006","TARMAJ01","Mil1",1,1,1,1,1,1
"1007","TARUF01","Aeroporto_de_BSB",1,1,1,1,1,1
"1008","TARUF01","Caratinga",1,1,1,1,1,1
"1009","TARUF01","Felixlandia",1,1,1,1,1,1
"1010","TERERY01","Rond2",1,1,1,1,1,1
"1011","TFUS01","Chingaza_NNP,_Monterredondo",1,1,1,1,1,1
"1012","TFUS02","Chingaza_NNP,_Monterredondo",1,1,1,1,1,1
"1013","TFUS03","Chingaza_NNP,_Monterredondo",1,1,1,1,1,1
"1014","TFUS04","Chingaza_NNP,_Monterredondo",1,1,1,1,1,1
"1015","TFUS05","Universidad_Nacional_de_Colombia-Bogota",1,1,1,1,1,1
"1016","TFUS06","El_Bosque",1,1,1,1,1,1
"1017","TFUS06","Universidad_Nacional_de_Colombia-Bogota",1,1,1,1,1,1
"1018","TFUS07","Monteredondo_station",1,1,1,1,1,1
"1019","TFUS12","Monteredondo_station",1,1,1,1,1,1
"1020","THAAET01","Bel1",1,1,1,1,1,1
"1021","THAAET02","Ina3",1,1,1,1,1,1
"1022","THAAMA01","Bel1",1,1,1,1,1,1
"1023","THACAE01","Hual4",1,1,1,1,1,1
"1024","THACAE01","Hual5",1,1,1,1,1,1
"1025","THACAE01","Ina1",1,1,1,1,1,1
"1026","THACAE01","RondIL",1,1,1,1,1,1
"1027","THACAE03","Rond1",1,1,1,1,1,1
"1028","THACAE04","Rond1",1,1,1,1,1,1
"1029","THACAE06","Ime1",1,1,1,1,1,1
"1030","THACAE09","Gui2",1,1,1,1,1,1
"1031","THACAE09","Rond5",1,1,1,1,1,1
"1032","THAFAN01","Bellavista",1,1,1,1,1,1
"1033","THAFUR01","Bel1",1,1,1,1,1,1
"1034","THAGLA01","Mic1",1,1,1,1,1,1
"1035","THAMAE01","Rond3",1,1,1,1,1,1
"1036","THAMAE01","RondIL",1,1,1,1,1,1
"1037","THAMB01","Ime1",1,1,1,1,1,1
"1038","THAMB04","Bocaiuva",1,1,1,1,1,1
"1039","THAMB05","Bocaiuva",1,1,1,1,1,1
"1040","THAMB06","Bocaiuva",1,1,1,1,1,1
"1041","THAMB07","Bocaiuva",1,1,1,1,1,1
"1042","THAMB08","Caratinga",1,1,1,1,1,1
"1043","THAMB08","Sooretama",1,1,1,1,1,1
"1044","THAMB10","Aracruz",1,1,1,1,1,1
"1045","THAMUR01","Ime1",1,1,1,1,1,1
"1046","THAMUR01","Ina3",1,1,1,1,1,1
"1047","THANIG01","RondIL",1,1,1,1,1,1
"1048","THANIG02","RondIL",1,1,1,1,1,1
"1049","THASAT03","Rond1",1,1,1,1,1,1
"1050","THASAT05","Rond1",1,1,1,1,1,1
"1051","THASAT10","Rond1",1,1,1,1,1,1
"1052","THASAT10","Rond3",1,1,1,1,1,1
"1053","THASAT10","Rond5",1,1,1,1,1,1
"1054","THATOR01","Gra1",1,1,1,1,1,1
"1055","TOFLA01","Aiu1",1,1,1,1,1,1
"1056","TOFLA01","Bel1",1,1,1,1,1,1
"1057","TOFLA01","Felixlandia",1,1,1,1,1,1
"1058","TOFLA02","Jequitinhonha",1,1,1,1,1,1
"1059","TOFLA02","Salto_da_Divisa",1,1,1,1,1,1
"1060","TOLFLA01","Rond2",1,1,1,1,1,1
"1061","TOLFLA02","Jau1",1,1,1,1,1,1
"1062","TOSUL01","Brasilandia_de_Minas",1,1,1,1,1,1
"1063","TOSUL01","Felixlandia",1,1,1,1,1,1
"1064","TRMB","Base_UFMT",1,1,1,1,1,1
"1065","TRMEL01","Caratinga",1,1,1,1,1,1
"1066","TRMEL02","Caratinga",1,1,1,1,1,1
"1067","TRMUS01","Sural",1,1,1,1,1,1
"1068","TRMUS02","Mata_Seca",1,1,1,1,1,1
"1069","TRMUS03","Mata_Seca",1,1,1,1,1,1
"1070","TROAED01","Yanah",1,1,1,1,1,1
"1071","TROAED02","Bosque_Cachil",1,1,1,1,1,1
"1072","TROAED02","Laguna_Anantay",1,1,1,1,1,1
"1073","TROAED02","Yanama",1,1,1,1,1,1
"1074","TROAED03","Puente_Nununya",1,1,1,1,1,1
"1075","TROAED04","San_Pedro_de_Casta",1,1,1,1,1,1
"1076","TROAED05","Curibaya_Pampa",1,1,1,1,1,1
"1077","TROAED06","Mantaro_Valley",1,1,1,1,1,1
"1078","TROAED07","Tampumayu",1,1,1,1,1,1
"1079","TROAED08","Olmos",1,1,1,1,1,1
"1080","TROAED09","Bosque_Cachil",1,1,1,1,1,1
"1081","TROAED10","Camino_a_San_Lorenzo",1,1,1,1,1,1
"1082","TROAED11","Tampumayu",1,1,1,1,1,1
"1083","TROAED13","Hual5",1,1,1,1,1,1
"1084","TROAED13","Quebrada",1,1,1,1,1,1
"1085","TROAED14","Carhuaz",1,1,1,1,1,1
"1086","TROAED15","Abra_Porculla",1,1,1,1,1,1
"1087","TROAED15","Guagua_Sumaco",1,1,1,1,1,1
"1088","TROAED15","Guandera",1,1,1,1,1,1
"1089","TROAED15","Hollin",1,1,1,1,1,1
"1090","TROAED15","Loma_Alta",1,1,1,1,1,1
"1091","TROAED15","Loreto",1,1,1,1,1,1
"1092","TROAED15","Tapichalaca",1,1,1,1,1,1
"1093","TROAED15","Tiputini",1,1,1,1,1,1
"1094","TROAED16","Mantaro_Valley",1,1,1,1,1,1
"1095","TROAED17","Tampumayu",1,1,1,1,1,1
"1096","TROAED18","Huacapongo",1,1,1,1,1,1
"1097","TROAED18","Hual4",1,1,1,1,1,1
"1098","TROAED18","Yanayacu",1,1,1,1,1,1
"1099","TROAED19","Huacarpay",1,1,1,1,1,1
"1100","TROAED20","Camino_a_San_Lorenzo",1,1,1,1,1,1
"1101","TROAED20","Cedral",1,1,1,1,1,1
"1102","TROAED20","Nueva_Alianza",1,1,1,1,1,1
"1103","TROAED20","Tullanya",1,1,1,1,1,1
"1104","TROAED20","Yanah",1,1,1,1,1,1
"1105","TROAED21","Laguna_Anantay",1,1,1,1,1,1
"1106","TROAED22","Hual4",1,1,1,1,1,1
"1107","TROAED22","Quebrada",1,1,1,1,1,1
"1108","TROAED23","Hual4",1,1,1,1,1,1
"1109","TROAED23","Pantanos_de_Villa_wtland_Reserve",1,1,1,1,1,1
"1110","TROPER01","Hual4",1,1,1,1,1,1
"1111","TROPER01","Ucumari_NP,_La_Pastora",1,1,1,1,1,1
"1112","TROPER02","Hual4",1,1,1,1,1,1
"1113","TUAMA01","Aracruz",1,1,1,1,1,1
"1114","TUAMA01","Hual4",1,1,1,1,1,1
"1115","TUAMA01","Manga",1,1,1,1,1,1
"1116","TUAMA01","Mata_Seca",1,1,1,1,1,1
"1117","TUAMA01","Mil1",1,1,1,1,1,1
"1118","TUAMA01","Rond4",1,1,1,1,1,1
"1119","TUAMA01","Rond5",1,1,1,1,1,1
"1120","TUAMA01","Salto_da_Divisa",1,1,1,1,1,1
"1121","TULEU01","Caratinga",1,1,1,1,1,1
"1122","TULEU01","Cha1",1,1,1,1,1,1
"1123","TULEU01","Salto_da_Divisa",1,1,1,1,1,1
"1124","TULEU02","Caratinga",1,1,1,1,1,1
"1125","TULEU02","Felixlandia",1,1,1,1,1,1
"1126","TULEU03","Felixlandia",1,1,1,1,1,1
"1127","TULEU03","Jau1",1,1,1,1,1,1
"1128","TULEU05","Felixlandia",1,1,1,1,1,1
"1129","TULEU06","Aeroporto_de_BSB",1,1,1,1,1,1
"1130","TULEU06","Bra1",1,1,1,1,1,1
"1131","TULEU06","Brasilandia_de_Minas",1,1,1,1,1,1
"1132","TULEU06","Cha1",1,1,1,1,1,1
"1133","TULEU06","Jau1",1,1,1,1,1,1
"1134","TULEU07","Fazenda_St._Maria",1,1,1,1,1,1
"1135","TULEU08","Jequitinhonha",1,1,1,1,1,1
"1136","TUMIG03","Aeroporto_de_BSB",1,1,1,1,1,1
"1137","TUMIG03","Anco_Cahua",1,1,1,1,1,1
"1138","TUMIG03","Bocaiuva",1,1,1,1,1,1
"1139","TUMIG03","Curibaya_Pampa",1,1,1,1,1,1
"1140","TUMIG03","Hual1",1,1,1,1,1,1
"1141","TUMIG03","Hual3",1,1,1,1,1,1
"1142","TUMIG03","Hual4",1,1,1,1,1,1
"1143","TUMIG03","Hual5",1,1,1,1,1,1
"1144","TUMIG03","Joi1",1,1,1,1,1,1
"1145","TUMIG03","Nova_Lima",1,1,1,1,1,1
"1146","TUMIG03","Rond5",1,1,1,1,1,1
"1147","TUMIG03","Saj1",1,1,1,1,1,1
"1148","TUMIG03","Seb1",1,1,1,1,1,1
"1149","TUOLI01","Sierra_Nevada_de_Santa_Marta",1,1,1,1,1,1
"1150","TURALB01","Ina3",1,1,1,1,1,1
"1151","TURALB01","Seb1",1,1,1,1,1,1
"1152","TURALB02","Hual5",1,1,1,1,1,1
"1153","TURALB03","Bru1",1,1,1,1,1,1
"1154","TURALB05","Sfr1",1,1,1,1,1,1
"1155","TURAMA01","Bra1",1,1,1,1,1,1
"1156","TURAMA03","Rond5",1,1,1,1,1,1
"1157","TURDUS2","Hual3",1,1,1,1,1,1
"1158","TURFAL06","Sfr1",1,1,1,1,1,1
"1159","TURFLA01","Joi1",1,1,1,1,1,1
"1160","TURLEU01","Esp1",1,1,1,1,1,1
"1161","TURLEU01","Mil1",1,1,1,1,1,1
"1162","TURNUD02","CLBI-Parnamirim/RN",1,1,1,1,1,1
"1163","TURUF01","Caratinga",1,1,1,1,1,1
"1164","TURUF01","Fazenda_St._Maria",1,1,1,1,1,1
"1165","TURUF01","Nova_Lima",1,1,1,1,1,1
"1166","TURUF03","Seb1",1,1,1,1,1,1
"1167","TYRMEL01","Gui2",1,1,1,1,1,1
"1168","U12","CLBI-Parnamirim/RN",1,1,1,1,1,1
"1169","VIGLOG","ESEC-Serra_Negra_do_Norte/RN",1,1,1,1,1,1
"1170","VILEU01","Sierra_Nevada_de_Santa_Marta",1,1,1,1,1,1
"1171","VIOLI03","Hual5",1,1,1,1,1,1
"1172","VIOLI05","Bogota",1,1,1,1,1,1
"1173","VIOLI05","Sfr1",1,1,1,1,1,1
"1174","VIOLI06","Bogota",1,1,1,1,1,1
"1175","VIOLI06","Ser1",1,1,1,1,1,1
"1176","VIOLI06","Sfr1",1,1,1,1,1,1
"1177","VIOLI07","Bogota",1,1,1,1,1,1
"1178","VIOLI08","Bogota",1,1,1,1,1,1
"1179","VIREO02","CLBI-Parnamirim/RN",1,1,1,1,1,1
"1180","VIROLI01","Hual5",1,1,1,1,1,1
"1181","VIROLI02","Saj1",1,1,1,1,1,1
"1182","VOLJAC02","Mil1",1,1,1,1,1,1
"1183","VOLJAC03","Bel1",1,1,1,1,1,1
"1184","VOLJAC03","Hual5",1,1,1,1,1,1
"1185","VOLJAC03","Mil1",1,1,1,1,1,1
"1186","WILPOE01","Tap1",1,1,1,1,1,1
"1187","WILPOE02","Xing1",1,1,1,1,1,1
"1188","WILPOE05","Tap1",1,1,1,1,1,1
"1189","WILPOE06","Rond1",1,1,1,1,1,1
"1190","WILPOE07","Rond1",1,1,1,1,1,1
"1191","WILPOE08","Ime1",1,1,1,1,1,1
"1192","WILPOE09","Ime1",1,1,1,1,1,1
"1193","WILPOE11","Ime1",1,1,1,1,1,1
"1194","WILPOE12","Ina2",1,1,1,1,1,1
"1195","WILPOE16","Bel1",1,1,1,1,1,1
"1196","WILPOE20","Ina3",1,1,1,1,1,1
"1197","WW3","Hual3",1,1,1,1,1,1
"1198","WW3","Hual4",1,1,1,1,1,1
"1199","XENATR01","Rond5",1,1,1,1,1,1
"1200","XENMIN01","Rond2",1,1,1,1,1,1
"1201","XENMIN02","Rond1",1,1,1,1,1,1
"1202","XENMIN03","Bel1",1,1,1,1,1,1
"1203","XIPELE01","Rond1",1,1,1,1,1,1
"1204","XIPELE02","Rond1",1,1,1,1,1,1
"1205","XIPOBS01","RondIL",1,1,1,1,1,1
"1206","XIPOCE01","Ina3",1,1,1,1,1,1
"1207","XIPOCE02","Hual5",1,1,1,1,1,1
"1208","XIPPAR01","Gui1",1,1,1,1,1,1
"1209","ZC2","Fazenda_St._Maria",1,1,1,1,1,1
"1210","ZEMAC03","Ser1",1,1,1,1,1,1
"1211","ZENAUR01","Sta1",1,1,1,1,1,1
"1212","ZOCAP01","Bogota",1,1,1,1,1,1
"1213","ZOCAP01","Chingaza_NNP,_Palacio_Forest",1,1,1,1,1,1
"1214","ZOCAP01","Gimnasio_Colombo_Britanico_School",1,1,1,1,1,1
"1215","ZOCAP01","Hu<cc><c1>nuco",1,1,1,1,1,1
"1216","ZOCAP01","Mil1",1,1,1,1,1,1
"1217","ZOCAP01","Podocarpus_NP,_Cerro_Toledo",1,1,1,1,1,1
"1218","ZOCAP01","Sfr1",1,1,1,1,1,1
"1219","ZOCAP01","Sta1",1,1,1,1,1,1
"1220","ZOCAP01","Universidad_Nacional_de_Colombia-Bogota",1,1,1,1,1,1
"1221","ZOCAP11","Ucumari_NP,_La_Pastora",1,1,1,1,1,1
"1222","ZOCAP12","Ucumari_NP,_La_Pastora",1,1,1,1,1,1
"1223","ZOCAP13","Bogota",1,1,1,1,1,1
"1224","ZOCAP14","Bogota",1,1,1,1,1,1
"1225","ZOCAP14","Hual4",1,1,1,1,1,1
"1226","ZOCAP14","Universidad_Nacional_de_Colombia-Bogota",1,1,1,1,1,1
"1227","ZOCAP14","Wildlife_Sanctuary_Otun_Quimbaya",1,1,1,1,1,1
"1228","ZONCAP01","Esp1",1,1,1,1,1,1
"1229","ZONCAP03","Gra1",1,1,1,1,1,1
"1230","ZONCAP04","Gra1",1,1,1,1,1,1
